{
    "CLI_version": "4.13.1",
    "branch": "main",
    "conf": {
        "files": [
            "contracts/src/RestaurantReviews.sol"
        ],
        "msg": "RestaurantRules",
        "process": "emv",
        "verify": "RestaurantReviews:certora/spec/restaurants.spec"
    },
    "cwd_relative": "certora",
    "dirty": true,
    "origin": "git@github.com:Kkameleon/ethGlobal.git",
    "raw_args": [
        "/home/kkameleon/.local/bin/certoraRun",
        "./certora/conf/rexo.conf"
    ],
    "revision": "87dfe7c7379843907378e150013b6d599a405e17",
    "timestamp": "1700340198.20659"
}